# Revisit triggers from every packet (RULEBOOK.md §4.11), mapped to the FR-T.7 detector vocabulary. Generated by `node watch/freshness/revisit.mjs --tsv`; the reviewed_by column records who checked each mapping.
repo	n	text	detector	params	packet	reviewed_by
asupersync	1	first GitHub Actions run green at a pinned commit, or DSR receipts made externally auditable	human		packets/asupersync-assessment.md#L226	FreshCore (unreviewed)
asupersync	2	one reverse-dependency crate from outside the Dicklesworthstone constellation	human		packets/asupersync-assessment.md#L226	FreshCore (unreviewed)
asupersync	3	an independent benchmark publication	human		packets/asupersync-assessment.md#L226	FreshCore (unreviewed)
asupersync	4	a second committer or a governance document	human		packets/asupersync-assessment.md#L226	FreshCore (unreviewed)
asupersync	5	0.6.0 published to crates.io with the tokio-compat bridge adopted by a sibling	human		packets/asupersync-assessment.md#L226	FreshCore (unreviewed)
beads-for-frankentui	1	`data/meta.json` `generated_at` moves past 2026-03-08 (freshness loop closed — re-ring to Explore)	human		packets/beads-for-frankentui-assessment.md#L214	FreshCore (unreviewed)
beads-for-frankentui	2	a LICENSE file appears (adoption ceiling lifts)	license.text		packets/beads-for-frankentui-assessment.md#L214	FreshCore (unreviewed)
beads-for-frankentui	3	a sibling franken repo ships its own bv dashboard (pattern export confirmed)	human		packets/beads-for-frankentui-assessment.md#L214	FreshCore (unreviewed)
beads-for-frankentui	4	the repo is archived or the Pages site goes dark (terminal — close the packet)	human		packets/beads-for-frankentui-assessment.md#L214	FreshCore (unreviewed)
beads-for-frankentui	5	`bv` upstream changes the export schema silently obsoleting the checked-in tree (re-verify the fidelity table)	human		packets/beads-for-frankentui-assessment.md#L214	FreshCore (unreviewed)
beads_for_franken_engine	1	A second commit lands (re-export or CI schedule) — `git log` count > 1. Flips the fossil judgment	human		packets/beads_for_franken_engine-assessment.md#L217	FreshCore (unreviewed)
beads_for_franken_engine	2	A LICENSE file appears — flips the dataset-reuse judgment	license.text		packets/beads_for_franken_engine-assessment.md#L218	FreshCore (unreviewed)
beads_for_franken_engine	3	`bv --pages` emits a generator version + verification queries — flips the reproducibility judgment (check `export_meta` for a `bv_version` key)	human		packets/beads_for_franken_engine-assessment.md#L219	FreshCore (unreviewed)
beads_for_franken_engine	4	A data re-export lands — `export_meta.generated_at` advances past March 2026. Flips the fossil judgment	human		packets/beads_for_franken_engine-assessment.md#L220	FreshCore (unreviewed)
beads_for_franken_engine	5	The README's 264/63 is corrected or reproduced — a documented SQL query reproduces the headline numbers. Flips the triage-credibility judgment	human		packets/beads_for_franken_engine-assessment.md#L221	FreshCore (unreviewed)
beads_for_franken_engine	6	The backtest or archaeology study is published (next-steps 1, 5) — triage scores vs actual close order. Flips the dataset from curiosity to evidence	human		packets/beads_for_franken_engine-assessment.md#L222	FreshCore (unreviewed)
beads_for_franken_engine	7	Pages deploy breaks or the repo is archived — the decay sensor for a static site: stays Monitor, treat as retired permanently	human		packets/beads_for_franken_engine-assessment.md#L223	FreshCore (unreviewed)
franken_agent_detection	1	a crates.io reverse-dependency outside the FrankenSuite appears	human		packets/franken_agent_detection-assessment.md#L201	FreshCore (unreviewed)
franken_agent_detection	2	main CI goes green at a pin (Format gate passing, 1,226 tests executing)	ci.class	to=C1	packets/franken_agent_detection-assessment.md#L201	FreshCore (unreviewed)
franken_agent_detection	3	the README documents the `connectors` feature	human		packets/franken_agent_detection-assessment.md#L201	FreshCore (unreviewed)
franken_agent_detection	4	bead `8np` closes (the slug seam resolved)	human		packets/franken_agent_detection-assessment.md#L201	FreshCore (unreviewed)
franken_agent_detection	5	a second maintainer or any merged outside contribution appears	human		packets/franken_agent_detection-assessment.md#L201	FreshCore (unreviewed)
franken_agent_detection	6	a vendor ships a stable signed session-export API (the kill-test event — see Q8)	human		packets/franken_agent_detection-assessment.md#L201	FreshCore (unreviewed)
franken_alignment	1	G1 executes — one real brokered effect with a receipt-bound gate outsiders can inspect	human		packets/franken_alignment-assessment.md#L223	FreshCore (unreviewed)
franken_alignment	2	asupersync admission unblocks or the runtime commitment is formally re-scoped	human		packets/franken_alignment-assessment.md#L223	FreshCore (unreviewed)
franken_alignment	3	a second maintainer or institutional funder appears	human		packets/franken_alignment-assessment.md#L223	FreshCore (unreviewed)
franken_alignment	4	any H1–H21 hypothesis runs against a real model with published results (positive or negative)	human		packets/franken_alignment-assessment.md#L223	FreshCore (unreviewed)
franken_alignment	5	the rider is narrowed to training-incorporation only, reopening independent evaluation	license.text		packets/franken_alignment-assessment.md#L223	FreshCore (unreviewed)
franken_code_browser	1	first tagged release or published toolchain pin	human		packets/franken_code_browser-assessment.md#L202	FreshCore (unreviewed)
franken_code_browser	2	first CI workflow executing on a third-party-visible runner	ci.class	to=C1|C2|C3	packets/franken_code_browser-assessment.md#L202	FreshCore (unreviewed)
franken_code_browser	3	a `franken_macos` remote appearing with the native renderer auditable	human		packets/franken_code_browser-assessment.md#L202	FreshCore (unreviewed)
franken_code_browser	4	a second human committer or an outside host embedding `fcb`	human		packets/franken_code_browser-assessment.md#L202	FreshCore (unreviewed)
franken_code_browser	5	an independent benchmark of any kind — the 30 ms p95 warm-path search objective is the falsifiable one to watch	human		packets/franken_code_browser-assessment.md#L202	FreshCore (unreviewed)
franken_code_browser	6	asupersync or FrankenSQLite appearing as a real Cargo edge	human		packets/franken_code_browser-assessment.md#L202	FreshCore (unreviewed)
franken_drone_geometry_reconstruction	1	any push after 2026-09-04	human		packets/franken_drone_geometry_reconstruction-assessment.md#L212	FreshCore (unreviewed)
franken_drone_geometry_reconstruction	2	a retained full local-qualification receipt published	human		packets/franken_drone_geometry_reconstruction-assessment.md#L212	FreshCore (unreviewed)
franken_drone_geometry_reconstruction	3	`WP-018` closed or narrowed	human		packets/franken_drone_geometry_reconstruction-assessment.md#L212	FreshCore (unreviewed)
franken_drone_geometry_reconstruction	4	asupersync actually admitted as a dependency	dependency.edge	crates=asupersync	packets/franken_drone_geometry_reconstruction-assessment.md#L212	FreshCore (unreviewed)
franken_drone_geometry_reconstruction	5	an independent party wraps ODM/COLMAP with the admission audit and publishes rejection counts	human		packets/franken_drone_geometry_reconstruction-assessment.md#L212	FreshCore (unreviewed)
franken_drone_geometry_reconstruction	6	any release tag	release.first		packets/franken_drone_geometry_reconstruction-assessment.md#L212	FreshCore (unreviewed)
franken_engine	1	`native-runtime.yml` green at a new pin, with `quality-gates.yml` and `perf_regression_gate.yml` showing runs — the Actions workflows page non-red *at the assessed commit*. Flips the "core lane never green" judgment	human		packets/franken_engine-assessment.md#L247	FreshCore (unreviewed)
franken_engine	2	Red-team v2 campaign executed and linked from the matrix — FE-CLAIM-011 leaves `target` with a current non-fixture campaign plus passing (or failing — a published loss counts) linked Rust verdict. Flips the containment thesis from specified to tested	human		packets/franken_engine-assessment.md#L248	FreshCore (unreviewed)
franken_engine	3	Rider narrowed or removed — LICENSE diff dropping the named-party restriction. Flips usability for restricted parties and contributor-pool risk. The advancement blocker for the Explore ceiling	human		packets/franken_engine-assessment.md#L249	FreshCore (unreviewed)
franken_engine	4	A tagged release or GitHub Release pointing at the assessed commit — `git for-each-ref refs/tags` / release list non-empty *at the assessed commit*. (v0.1.0 exists — released 2026-05-29 with `frankenctl` binaries — but targets the earlier tag commit `0a4e9db4`, so this stays open.) Flips the "no artifact to evaluate" judgment	human		packets/franken_engine-assessment.md#L250	FreshCore (unreviewed)
franken_engine	5	Second human committer with merge rights — bus factor > 1 observable on the contributor graph. Flips succession risk	contributors.second_human		packets/franken_engine-assessment.md#L251	FreshCore (unreviewed)
franken_engine	6	Abandonment tripwire — no commits for 60 days or the CI workflows disabled/archived: re-ring to Monitor and treat the tree as a retired artifact. The decay sensor the steelman's end state needs	human		packets/franken_engine-assessment.md#L252	FreshCore (unreviewed)
franken_engine	7	Independent execution of the 13 OBSERVED matrix rows published — any third party running the linked verification commands at a pinned commit. Flips "zero independent validation."	human		packets/franken_engine-assessment.md#L253	FreshCore (unreviewed)
franken_engine	8	A Deno/Node/SES release ships claim-gated documentation or signed decision receipts — the kill-test: if incumbents absorb the auditability story, FrankenEngine's differentiation collapses to "slower, but with a gate" [Inference, Medium]	human		packets/franken_engine-assessment.md#L254	FreshCore (unreviewed)
franken_engine	9	End-to-end capability-typed contract promoted to OBSERVED — FE-CLAIM-006's CEI-C.2 resolved with the compile-time TS-to-IR rejection over all ambient constructs. Flips the partial-membrane judgment	human		packets/franken_engine-assessment.md#L255	FreshCore (unreviewed)
franken_lean	1	first tagged release or installable toolchain artifact	human		packets/franken_lean-assessment.md#L125	FreshCore (unreviewed)
franken_lean	2	CI green at a pin on the main gate	ci.class	to=C1	packets/franken_lean-assessment.md#L125	FreshCore (unreviewed)
franken_lean	3	an external sealed-capsule verification published	human		packets/franken_lean-assessment.md#L125	FreshCore (unreviewed)
franken_lean	4	a second maintainer or a contribution-policy change	human		packets/franken_lean-assessment.md#L125	FreshCore (unreviewed)
franken_lean	5	an independent benchmark of any claimed slice	human		packets/franken_lean-assessment.md#L125	FreshCore (unreviewed)
franken_lean	6	K2/NbE landing (the badge becoming true)	human		packets/franken_lean-assessment.md#L125	FreshCore (unreviewed)
franken_manim	1	first stable (non-pre-release) GitHub release	human		packets/franken_manim-assessment.md#L202	FreshCore (unreviewed)
franken_manim	2	G4a or G4b gate closure	human		packets/franken_manim-assessment.md#L202	FreshCore (unreviewed)
franken_manim	3	a published pinned-host performance measurement	human		packets/franken_manim-assessment.md#L202	FreshCore (unreviewed)
franken_manim	4	a cross-platform bit-identity measurement	human		packets/franken_manim-assessment.md#L202	FreshCore (unreviewed)
franken_manim	5	a contributions policy (or a second maintainer)	human		packets/franken_manim-assessment.md#L202	FreshCore (unreviewed)
franken_manim	6	any independent benchmark, code review, or production deployment	human		packets/franken_manim-assessment.md#L202	FreshCore (unreviewed)
franken_manim	7	any change to the license rider	license.text		packets/franken_manim-assessment.md#L202	FreshCore (unreviewed)
franken_manim	8	fmd-math adoption outside the FrankenSuite	human		packets/franken_manim-assessment.md#L202	FreshCore (unreviewed)
franken_markdown	1	first published head-to-head benchmark vs pulldown-cmark/comrak (moves "ultra-fast" from claim 3's *aspirational* to *demonstrated*; prerequisite for any TRL bump)	human		packets/franken_markdown-assessment.md#L192	FreshCore (unreviewed)
franken_markdown	2	npm 0.4.5+ shipping in sync with GitHub releases (closes weakness 6; signals the release pipeline is real)	human		packets/franken_markdown-assessment.md#L192	FreshCore (unreviewed)
franken_markdown	3	a second human maintainer with merge rights (bus factor 1→2; raises Collaboration potential)	contributors.second_human		packets/franken_markdown-assessment.md#L192	FreshCore (unreviewed)
franken_markdown	4	any independent review, benchmark, or production deployment (the zero that keeps the ring at Explore — this alone could justify Pilot)	human		packets/franken_markdown-assessment.md#L192	FreshCore (unreviewed)
franken_markdown	5	the iOS app surfacing publicly (unlocks Q3's option value)	human		packets/franken_markdown-assessment.md#L192	FreshCore (unreviewed)
franken_markdown	6	any change to the license rider (directly moves Impact potential and Collaboration)	license.text		packets/franken_markdown-assessment.md#L192	FreshCore (unreviewed)
franken_markdown_website	1	A `.github/workflows` directory appears — the manual-only finding flips; re-audit what the automation actually runs	ci.class	to=C1|C2|C3	packets/franken_markdown_website-assessment.md#L223	FreshCore (unreviewed)
franken_markdown_website	2	The Lab Notes strip matches the wired wasm version — the drift class is being managed; check whether by generation or by hand	human		packets/franken_markdown_website-assessment.md#L224	FreshCore (unreviewed)
franken_markdown_website	3	Production's "Renderer vX" matches the repo's wired version — the deploy-lag finding closes	human		packets/franken_markdown_website-assessment.md#L225	FreshCore (unreviewed)
franken_markdown_website	4	Wasm trees pruned, or a pruning policy / version manifest documented — the dead-weight and dual-0.3.5 findings close	human		packets/franken_markdown_website-assessment.md#L226	FreshCore (unreviewed)
franken_markdown_website	5	Rider narrowed or removed — LICENSE diff; flips the agent-collaborator exclusion (relevant because the page courts agents)	human		packets/franken_markdown_website-assessment.md#L227	FreshCore (unreviewed)
franken_markdown_website	6	Contributions policy changes — README "About Contributions" amended; flips bus-factor-1 governance	human		packets/franken_markdown_website-assessment.md#L228	FreshCore (unreviewed)
franken_markdown_website	7	Site archived or domain lapsed — re-ring to retired artifact; the patterns remain the export	human		packets/franken_markdown_website-assessment.md#L229	FreshCore (unreviewed)
franken_native_capsule	1	A LICENSE file appears at root — the license-API field flips from `None` to a detected license. Flips the "no grant text" judgment	license.text		packets/franken_native_capsule-assessment.md#L230	FreshCore (unreviewed)
franken_native_capsule	2	NRP/RCO v1 lands — the validator admits a non-frozen payload class, or the api crate's schema versions advance past v0. Flips the "generality of zero" judgment	human		packets/franken_native_capsule-assessment.md#L231	FreshCore (unreviewed)
franken_native_capsule	3	Issuer signature verifier and/or durable nonce store land — the README's missing-controls list shrinks. Flips the security-posture judgment	human		packets/franken_native_capsule-assessment.md#L232	FreshCore (unreviewed)
franken_native_capsule	4	FrankenEngine depends on it — `franken_engine`'s manifests reference `frankenengine-native-capsule`. Flips the "no trustor" judgment	human		packets/franken_native_capsule-assessment.md#L233	FreshCore (unreviewed)
franken_native_capsule	5	CI appears — a `.github/workflows` directory with executing workflows. Flips the "no verifiable process" judgment	ci.class	to=C1|C2|C3	packets/franken_native_capsule-assessment.md#L234	FreshCore (unreviewed)
franken_native_capsule	6	Second human committer — bus factor > 1 on the contributor graph. Flips succession risk	contributors.second_human		packets/franken_native_capsule-assessment.md#L235	FreshCore (unreviewed)
franken_native_capsule	7	A second platform adapter lands (Windows/macOS/ARM) — the platform story moves past one OS/arch	human		packets/franken_native_capsule-assessment.md#L236	FreshCore (unreviewed)
franken_native_capsule	8	Abandonment tripwire — no commits for 60 days (last commit 2026-08-20; last push 2026-09-17 moved no branch): re-ring to Monitor and treat the tree as a retired artifact	human		packets/franken_native_capsule-assessment.md#L237	FreshCore (unreviewed)
franken_networkx	1	first independent benchmark reproducing any Gauntlet row	human		packets/franken_networkx-assessment.md#L264	FreshCore (unreviewed)
franken_networkx	2	a second maintainer with merge rights	contributors.second_human		packets/franken_networkx-assessment.md#L264	FreshCore (unreviewed)
franken_networkx	3	PyPI serving the current GitHub release (distribution hygiene)	human		packets/franken_networkx-assessment.md#L264	FreshCore (unreviewed)
franken_networkx	4	the claim-coverage attested fraction crossing 25%	human		packets/franken_networkx-assessment.md#L264	FreshCore (unreviewed)
franken_networkx	5	any production deployment disclosed	human		packets/franken_networkx-assessment.md#L264	FreshCore (unreviewed)
franken_networkx	6	rider removal or narrowing	human		packets/franken_networkx-assessment.md#L264	FreshCore (unreviewed)
franken_networkx	7	a NetworkX minor/major release that breaks the 3.6.1-pinned parity surface	human		packets/franken_networkx-assessment.md#L264	FreshCore (unreviewed)
franken_nlp	1	first clean-SHA DSR `PASS` receipt for `scripts/check.sh` on a named `production` graph	human		packets/franken_nlp-assessment.md#L239	FreshCore (unreviewed)
franken_nlp	2	first model-present parity run (any L-gate green against the pinned oracle)	human		packets/franken_nlp-assessment.md#L239	FreshCore (unreviewed)
franken_nlp	3	first git tag / GitHub release	release.first		packets/franken_nlp-assessment.md#L239	FreshCore (unreviewed)
franken_nlp	4	`check_claims.py --check` green on the tree	human		packets/franken_nlp-assessment.md#L239	FreshCore (unreviewed)
franken_nlp	5	a second human committer or a stated succession plan	human		packets/franken_nlp-assessment.md#L239	FreshCore (unreviewed)
franken_nlp	6	any independent third-party execution (build, benchmark, or review) of the tree	human		packets/franken_nlp-assessment.md#L239	FreshCore (unreviewed)
franken_node	1	L1 product oracle goes GREEN — `artifacts/oracle/l1_product_verdict.json` reads GREEN (corpus ≥95%). Flips the "not shippable by its own gate" judgment	human		packets/franken_node-assessment.md#L255	FreshCore (unreviewed)
franken_node	2	A tagged release or GitHub Release pointing at the assessed commit appears — `git for-each-ref refs/tags` / `gh release list` non-empty *at the assessed commit*. (v0.1.0 exists — released 2026-05-29 with binary assets — but targets the earlier tag commit `08e1edf11`, so this stays open.) Flips the "no artifact to evaluate" judgment	human		packets/franken_node-assessment.md#L256	FreshCore (unreviewed)
franken_node	3	Rider narrowed or removed — LICENSE diff dropping the named-party restriction. Flips usability for restricted parties and contributor-pool risk. This is the advancement blocker for the Explore ceiling	human		packets/franken_node-assessment.md#L257	FreshCore (unreviewed)
franken_node	4	Second human committer with merge rights — bus factor > 1 observable on the contributor graph. Flips succession risk	contributors.second_human		packets/franken_node-assessment.md#L258	FreshCore (unreviewed)
franken_node	5	The `asupersync-transport` feature compiles in CI — any workflow building `--features asupersync-transport` or running `asupersync_control_lane_integration`. Flips claim 13 from partially demonstrated to demonstrated	human		packets/franken_node-assessment.md#L259	FreshCore (unreviewed)
franken_node	6	Independent benchmark, review, or production user — any third party evaluating or deploying it. Flips "zero independent coverage."	human		packets/franken_node-assessment.md#L260	FreshCore (unreviewed)
franken_node	7	(Abandonment tripwire) — no commits for 60 days or the CI workflows disabled/archived: re-ring to Monitor and treat the tree as a retired artifact	human		packets/franken_node-assessment.md#L261	FreshCore (unreviewed)
franken_node	8	A Node/Deno/Bun release ships a trust-operations equivalent (revocation-first execution, per-extension trust cards, replayable incident bundles) — the kill-test: if incumbents absorb the trust story, franken_node's differentiation collapses to "evidence governance, but not a runtime" [Inference, Medium]	human		packets/franken_node-assessment.md#L262	FreshCore (unreviewed)
franken_numpy	1	A PyPI release appears — `pip index versions frankennumpy` non-empty with wheels for at least Linux/macOS. Flips the "no distributable Python artifact" judgment	human		packets/franken_numpy-assessment.md#L248	FreshCore (unreviewed)
franken_numpy	2	KEEP-claim audit crosses 80% contract-grade — `docs/KEEP_CLAIM_INCUMBENT_COVERAGE.md` re-run showing ≥600/751 with same-invocation incumbent ratios. Flips the benchmark pillar from map-of-kernels to results	human		packets/franken_numpy-assessment.md#L249	FreshCore (unreviewed)
franken_numpy	3	Rider narrowed or removed — LICENSE diff dropping the named-party restriction. Flips usability for restricted parties and contributor-pool risk. The advancement blocker for the Explore ceiling	human		packets/franken_numpy-assessment.md#L250	FreshCore (unreviewed)
franken_numpy	4	Second human committer with merge rights — bus factor > 1 on the contributor graph. Flips succession risk	contributors.second_human		packets/franken_numpy-assessment.md#L251	FreshCore (unreviewed)
franken_numpy	5	G1–G9 green at a new pin — the Actions run for the assessed commit shows all gates executed and passed. Flips the red-pin judgment (the current failure is a lint gate, so this is the cheapest trigger on the board)	human		packets/franken_numpy-assessment.md#L252	FreshCore (unreviewed)
franken_numpy	6	Independent benchmark or review published — any third party reproducing or contesting the numbers. Flips "zero independent coverage."	human		packets/franken_numpy-assessment.md#L253	FreshCore (unreviewed)
franken_numpy	7	`fnp-conformance` published on crates.io and adopted externally — the methodology-export trigger; flips "repo-local tooling."	human		packets/franken_numpy-assessment.md#L254	FreshCore (unreviewed)
franken_numpy	8	NumPy ships a memory-safe core or hardened-parser program — the kill-test-adjacent competitor move: if the incumbent absorbs the safety narrative, the differentiation collapses to "Rust-embeddable NumPy semantics," and the Rust-embeddable story has to carry the whole pitch alone [Inference, Medium]	human		packets/franken_numpy-assessment.md#L255	FreshCore (unreviewed)
franken_numpy	9	Abandonment tripwire — no commits for 60 days or the CI workflows disabled/archived: re-ring to Monitor and treat the tree as a retired artifact. The decay sensor the steelman's end state needs	human		packets/franken_numpy-assessment.md#L256	FreshCore (unreviewed)
franken_ocr	1	CI workflows restored to the tree with green runs	ci.class	to=C1	packets/franken_ocr-assessment.md#L215	FreshCore (unreviewed)
franken_ocr	2	first release cut after v0.9.0	human		packets/franken_ocr-assessment.md#L215	FreshCore (unreviewed)
franken_ocr	3	any independent benchmark, code review, or production deployment	human		packets/franken_ocr-assessment.md#L215	FreshCore (unreviewed)
franken_ocr	4	a second human contributor (requires a policy reversal)	contributors.second_human		packets/franken_ocr-assessment.md#L215	FreshCore (unreviewed)
franken_ocr	5	any change to the license rider	license.text		packets/franken_ocr-assessment.md#L215	FreshCore (unreviewed)
franken_ocr	6	the crates.io 404 resolving or the crate being pulled	human		packets/franken_ocr-assessment.md#L215	FreshCore (unreviewed)
franken_ocr	7	int4 graduating or being killed in the ledger	human		packets/franken_ocr-assessment.md#L215	FreshCore (unreviewed)
franken_overlap	1	first checked-in evidence run with claim verdicts — re-ring candidate	human		packets/franken_overlap-assessment.md#L209	FreshCore (unreviewed)
franken_overlap	2	PAN13 PlagDet score published — first external validation	human		packets/franken_overlap-assessment.md#L209	FreshCore (unreviewed)
franken_overlap	3	first tagged release — Pilot prerequisite	release.first		packets/franken_overlap-assessment.md#L209	FreshCore (unreviewed)
franken_overlap	4	GitHub Actions re-enabled or a public CI signal — restores the [CI-observed] tier	human		packets/franken_overlap-assessment.md#L209	FreshCore (unreviewed)
franken_overlap	5	second human committer — bus-factor repair	contributors.second_human		packets/franken_overlap-assessment.md#L209	FreshCore (unreviewed)
franken_overlap	6	90 more days of silence with no commits — decay confirmation, consider Monitor	human		packets/franken_overlap-assessment.md#L209	FreshCore (unreviewed)
franken_remote	1	first retained, reproducible end-to-end media loop with latency numbers	human		packets/franken_remote-assessment.md#L233	FreshCore (unreviewed)
franken_remote	2	first live Tailscale session test against the §19 threat model	human		packets/franken_remote-assessment.md#L233	FreshCore (unreviewed)
franken_remote	3	CI green at a new pin on `rust-verification.yml`	ci.class	to=C1	packets/franken_remote-assessment.md#L233	FreshCore (unreviewed)
franken_remote	4	a tagged release or second maintainer	human		packets/franken_remote-assessment.md#L233	FreshCore (unreviewed)
franken_remote	5	any license-rider change	license.text		packets/franken_remote-assessment.md#L233	FreshCore (unreviewed)
franken_remote	6	Tailscale shipping or announcing a native desktop product (the kill-test event)	human		packets/franken_remote-assessment.md#L233	FreshCore (unreviewed)
franken_snowflake	1	the `cli-live-e2e-and-receipts` bead closes with published credentialed-run artifacts	human		packets/franken_snowflake-assessment.md#L206	FreshCore (unreviewed)
franken_snowflake	2	the empirical jsonv2 live golden lands	human		packets/franken_snowflake-assessment.md#L206	FreshCore (unreviewed)
franken_snowflake	3	any independent benchmark, code review, or production deployment	human		packets/franken_snowflake-assessment.md#L206	FreshCore (unreviewed)
franken_snowflake	4	a second human maintainer or a change to the no-contributions policy	human		packets/franken_snowflake-assessment.md#L206	FreshCore (unreviewed)
franken_snowflake	5	any change to the license rider	license.text		packets/franken_snowflake-assessment.md#L206	FreshCore (unreviewed)
franken_snowflake	6	the asupersync 0.5 migration completing or stalling	human		packets/franken_snowflake-assessment.md#L206	FreshCore (unreviewed)
franken_surveillance_system	1	first published DSR/local-qualification receipt naming the pin and toolchain	human		packets/franken_surveillance_system-assessment.md#L218	FreshCore (unreviewed)
franken_surveillance_system	2	a CI run concluding `success` (hosted or self-hosted) with public logs	human		packets/franken_surveillance_system-assessment.md#L218	FreshCore (unreviewed)
franken_surveillance_system	3	asupersync appearing in `Cargo.lock`	dependency.edge	crates=asupersync	packets/franken_surveillance_system-assessment.md#L218	FreshCore (unreviewed)
franken_surveillance_system	4	a qualified real-camera recording run with retained evidence	human		packets/franken_surveillance_system-assessment.md#L218	FreshCore (unreviewed)
franken_surveillance_system	5	a second human committer	contributors.second_human		packets/franken_surveillance_system-assessment.md#L218	FreshCore (unreviewed)
franken_surveillance_system	6	an independent (permitted-party) deployment or review. Any one of these would change the ring assessment	human		packets/franken_surveillance_system-assessment.md#L218	FreshCore (unreviewed)
franken_threed	1	first measured frame-time number (any sign) on a real device	human		packets/franken_threed-assessment.md#L227	FreshCore (unreviewed)
franken_threed	2	a second kernel class passing the differential gate	human		packets/franken_threed-assessment.md#L227	FreshCore (unreviewed)
franken_threed	3	any kill-gate bead recording a PASS/FAIL decision (all 12 are open at the pin)	human		packets/franken_threed-assessment.md#L227	FreshCore (unreviewed)
franken_threed	4	a tagged release	release.first		packets/franken_threed-assessment.md#L227	FreshCore (unreviewed)
franken_threed	5	a second maintainer or CONTRIBUTING	human		packets/franken_threed-assessment.md#L227	FreshCore (unreviewed)
franken_threed	6	the asupersync fresh browser run landing (or the row being removed)	human		packets/franken_threed-assessment.md#L227	FreshCore (unreviewed)
franken_threed	7	independent coverage (third-party benchmark, fork with activity, or published review)	human		packets/franken_threed-assessment.md#L227	FreshCore (unreviewed)
franken_tts	1	DISC-003 closed with a published listening evaluation	human		packets/franken_tts-assessment.md#L206	FreshCore (unreviewed)
franken_tts	2	a learned drafter clearing the NE-003 break-even thresholds (p*≈94–95%, alpha_full*≈40–46%)	human		packets/franken_tts-assessment.md#L206	FreshCore (unreviewed)
franken_tts	3	any independent benchmark, listening test, or code review	human		packets/franken_tts-assessment.md#L206	FreshCore (unreviewed)
franken_tts	4	the WASM path crossing 1.0× sustained	human		packets/franken_tts-assessment.md#L206	FreshCore (unreviewed)
franken_tts	5	a second human maintainer or any softening of the no-merge policy	human		packets/franken_tts-assessment.md#L206	FreshCore (unreviewed)
franken_tts	6	any change to the license rider	license.text		packets/franken_tts-assessment.md#L206	FreshCore (unreviewed)
franken_tts	7	a Qwen3-TTS successor model appearing	human		packets/franken_tts-assessment.md#L206	FreshCore (unreviewed)
franken_whisper	1	a HEAD-current tagged release	human		packets/franken_whisper-assessment.md#L212	FreshCore (unreviewed)
franken_whisper	2	CI configuration appearing in-tree with a legible conformance gate	ci.class	to=C1|C2|C3	packets/franken_whisper-assessment.md#L212	FreshCore (unreviewed)
franken_whisper	3	any independent benchmark, code review, or production deployment	human		packets/franken_whisper-assessment.md#L212	FreshCore (unreviewed)
franken_whisper	4	Sortformer certification on a public corpus	human		packets/franken_whisper-assessment.md#L212	FreshCore (unreviewed)
franken_whisper	5	a second human maintainer with merge rights	contributors.second_human		packets/franken_whisper-assessment.md#L212	FreshCore (unreviewed)
franken_whisper	6	the wasm32 native-engine target building	human		packets/franken_whisper-assessment.md#L212	FreshCore (unreviewed)
franken_whisper	7	any change to the license rider	license.text		packets/franken_whisper-assessment.md#L212	FreshCore (unreviewed)
frankenfs	1	main CI workflow green at HEAD for a sustained window (not one run)	human		packets/frankenfs-assessment.md#L198	FreshCore (unreviewed)
frankenfs	2	a second tagged GitHub release that covers the btrfs durability work	human		packets/frankenfs-assessment.md#L198	FreshCore (unreviewed)
frankenfs	3	any independent benchmark, security audit, or production/forensic deployment	human		packets/frankenfs-assessment.md#L198	FreshCore (unreviewed)
frankenfs	4	a second human with merge rights (or any softening of the no-contributions policy)	human		packets/frankenfs-assessment.md#L198	FreshCore (unreviewed)
frankenfs	5	any change to the license rider	license.text		packets/frankenfs-assessment.md#L198	FreshCore (unreviewed)
frankenfs	6	the `bd-wh1xk`/`bd-lc132` open beads closing (full parity execution binding)	human		packets/frankenfs-assessment.md#L198	FreshCore (unreviewed)
frankenfs	7	xfstests results published as a lane, not a hope	human		packets/frankenfs-assessment.md#L198	FreshCore (unreviewed)
frankengit	1	first tagged GitHub release	release.first		packets/frankengit-assessment.md#L194	FreshCore (unreviewed)
frankengit	2	smart-HTTP or production SSH landing as a verified lane	human		packets/frankengit-assessment.md#L194	FreshCore (unreviewed)
frankengit	3	a second human maintainer with merge rights	contributors.second_human		packets/frankengit-assessment.md#L194	FreshCore (unreviewed)
frankengit	4	any independent benchmark, security audit, or production deployment	human		packets/frankengit-assessment.md#L194	FreshCore (unreviewed)
frankengit	5	Asupersync 0.4.x constellation convergence unlocking the gateway/projection/TUI stack	human		packets/frankengit-assessment.md#L194	FreshCore (unreviewed)
frankengit	6	any change to the license rider	license.text		packets/frankengit-assessment.md#L194	FreshCore (unreviewed)
frankengit	7	a refreshed dated reality snapshot	human		packets/frankengit-assessment.md#L194	FreshCore (unreviewed)
frankengraphdb	1	first tagged release or installable artifact	human		packets/frankengraphdb-assessment.md#L213	FreshCore (unreviewed)
frankengraphdb	2	G1 gate crossed per §19 with the pinned evidence	human		packets/frankengraphdb-assessment.md#L213	FreshCore (unreviewed)
frankengraphdb	3	an independent benchmark or third-party deployment published	human		packets/frankengraphdb-assessment.md#L213	FreshCore (unreviewed)
frankengraphdb	4	a second human committer with merge rights	contributors.second_human		packets/frankengraphdb-assessment.md#L213	FreshCore (unreviewed)
frankengraphdb	5	the rider narrowed, dropped, or upheld in a dispute	human		packets/frankengraphdb-assessment.md#L213	FreshCore (unreviewed)
frankengraphdb	6	CI verdicts restored to automatic (or the local-proof pin-record contract from next step 4 operating for a month)	human		packets/frankengraphdb-assessment.md#L213	FreshCore (unreviewed)
frankenjax	1	A public CI workflow appears (any `.github/workflows/*.yml` in the repo) → re-run this packet's evidence section: green claims become CI-observed for the first time [External check]	ci.class	to=C1|C2|C3	packets/frankenjax-assessment.md#L237	FreshCore (unreviewed)
frankenjax	2	The rider is narrowed or removed (LICENSE diff) → the ring's advancement blocker lifts; re-score Strategic relevance and Impact potential [License check]	license.text		packets/frankenjax-assessment.md#L238	FreshCore (unreviewed)
frankenjax	3	A release artifact is published (crates.io publish or GitHub Release) → Adoption and Time-to-mainstream re-score; the "no release" ceiling lifts [External check]	human		packets/frankenjax-assessment.md#L239	FreshCore (unreviewed)
frankenjax	4	The 50 zero-gradient VJP arms are audited (placeholder count reaches zero per next step 3) → claim 1 in §4.3 upgrades from "partially demonstrated" to "verified" [Code check]	human		packets/frankenjax-assessment.md#L240	FreshCore (unreviewed)
frankenjax	5	A second implementation verifies a TTL artifact → next step 1's falsifiability condition resolves; Genesis-idea status confirmed or denied [External check]	human		packets/frankenjax-assessment.md#L241	FreshCore (unreviewed)
frankenjax	6	An independent benchmark appears (third-party numbers, or this program's own under a narrowed rider) → §4.5's independent column fills; the "honest but uninteresting" audit gets a second data point [External check]	human		packets/frankenjax-assessment.md#L242	FreshCore (unreviewed)
frankenjax	7	No fixture re-capture commit in 180 days (no oracle-fixture refresh by 2027-03-22) → treat all fidelity claims as stale; oracle drift becomes the dominant risk [Git/API check]	human		packets/frankenjax-assessment.md#L243	FreshCore (unreviewed)
frankenlibc	1	main CI green at a pin with substantive gates executed	ci.class	to=C1	packets/frankenlibc-assessment.md#L246	FreshCore (unreviewed)
frankenlibc	2	a tagged release or published artifact	human		packets/frankenlibc-assessment.md#L246	FreshCore (unreviewed)
frankenlibc	3	L2 standalone `.so` demonstrated without host glibc	human		packets/frankenlibc-assessment.md#L246	FreshCore (unreviewed)
frankenlibc	4	an independent third-party benchmark or deployment	human		packets/frankenlibc-assessment.md#L246	FreshCore (unreviewed)
frankenlibc	5	a second maintainer with merge rights	contributors.second_human		packets/frankenlibc-assessment.md#L246	FreshCore (unreviewed)
frankenlibc	6	a published runtime-math isolation measurement	human		packets/frankenlibc-assessment.md#L246	FreshCore (unreviewed)
frankenmermaid	1	first crates.io or npm publication	human		packets/frankenmermaid-assessment.md#L212	FreshCore (unreviewed)
frankenmermaid	2	any independent benchmark, code review, or production deployment	human		packets/frankenmermaid-assessment.md#L212	FreshCore (unreviewed)
frankenmermaid	3	a second human maintainer with merge rights	contributors.second_human		packets/frankenmermaid-assessment.md#L212	FreshCore (unreviewed)
frankenmermaid	4	any change to the license rider	license.text		packets/frankenmermaid-assessment.md#L212	FreshCore (unreviewed)
frankenmermaid	5	the quality gates becoming publicly observable (workflow files or public CI runs)	human		packets/frankenmermaid-assessment.md#L212	FreshCore (unreviewed)
frankenmermaid	6	mermaid-js shipping a fix for the large-graph `RangeError`	human		packets/frankenmermaid-assessment.md#L212	FreshCore (unreviewed)
frankenpandas	1	A tagged release or GitHub Release pointing at the assessed commit appears — `git for-each-ref refs/tags` / `gh release list` non-empty *at the assessed commit*. (v0.3.0 exists — released 2026-09-12 — but targets the earlier tag commit `0ad22f91`, so this stays open.)	human		packets/frankenpandas-assessment.md#L252	FreshCore (unreviewed)
frankenpandas	2	The 119/119 and 1484/1484 numerals get a checked-in instrument — a current `pandas_api_listing.json` (or equivalent) in-tree with the drift script green at the pin. Flips the headline parity claim from README-only to evidenced	human		packets/frankenpandas-assessment.md#L253	FreshCore (unreviewed)
frankenpandas	3	Rider narrowed or removed — LICENSE diff dropping the named-party restriction (and the destroy-copies clause). Flips usability for restricted parties and contributor-pool risk. v2/v3 note: bead `frankenpandas-dio8` (closed 2026-04-23) reviewed dropping the rider and the rider still stands at the pin — five months of post-review retention. Deliberate retention vs retention-by-default is adjudicated in §4.8 at [Inference, Medium]; either way, do not expect this trigger — treat any movement here as a genuine policy reversal [Code-verified, High on the bead; Inference, Medium on the expectation]	human		packets/frankenpandas-assessment.md#L254	FreshCore (unreviewed)
frankenpandas	4	A contributions on-ramp appears — the "About Contributions" refusal amended, or a second human committer with merge rights observable on the contributor graph. Flips succession risk. (The stranger ceiling — it requires a policy reversal, not just a hire.)	human		packets/frankenpandas-assessment.md#L255	FreshCore (unreviewed)
frankenpandas	5	The shared thread pool lands and the 10 certified losses are re-measured — the spawn-cost causal story confirmed or rejected per lane (next-step 5). Flips the concurrency pillar from story to evidence	human		packets/frankenpandas-assessment.md#L256	FreshCore (unreviewed)
frankenpandas	6	Independent benchmark or review published — any third party reproducing or contesting the certified-lane numbers. Flips "zero independent coverage."	human		packets/frankenpandas-assessment.md#L257	FreshCore (unreviewed)
frankenpandas	7	Conformance gate green at a pin — the live-oracle parity job passing with the current DISCREPANCIES ledger. Flips the red-gate judgment	human		packets/frankenpandas-assessment.md#L258	FreshCore (unreviewed)
frankenpandas	8	A Polars/pandas move collapses the differentiation — Polars shipping a pandas-compat API layer, or pandas 3.0 absorbing the "auditable alignment" story — the kill-test: differentiation collapses to "Rust, but slower to adopt" [Inference, Medium]	human		packets/frankenpandas-assessment.md#L259	FreshCore (unreviewed)
frankenpandas	9	Abandonment tripwire — no commits for 60 days or the CI workflows disabled/archived: re-ring to Monitor and treat the tree as a retired artifact	human		packets/frankenpandas-assessment.md#L260	FreshCore (unreviewed)
frankenredis	1	A tagged release or GitHub Release pointing at the assessed commit appears — `git for-each-ref refs/tags` / `gh release list` non-empty *at the assessed commit*. (v0.1.0 exists — released 2026-09-12 with 24 signed binary assets — but targets the earlier tag commit `c577c0ae`, so this stays open.) Flips the "no artifact to evaluate" judgment	human		packets/frankenredis-assessment.md#L250	FreshCore (unreviewed)
frankenredis	2	Bead `vibu6` un-deferred and re-baseline published — the README's disavowal sentence removed or amended with quiet-host numbers. Flips the benchmark pillar from disavowed to testable	human		packets/frankenredis-assessment.md#L251	FreshCore (unreviewed)
frankenredis	3	Rider narrowed or removed — LICENSE diff dropping the named-party restriction. Flips usability for restricted parties and contributor-pool risk. This is the advancement blocker for the Explore ceiling	human		packets/frankenredis-assessment.md#L252	FreshCore (unreviewed)
frankenredis	4	Second human committer with merge rights — bus factor > 1 observable on the contributor graph. Flips succession risk	contributors.second_human		packets/frankenredis-assessment.md#L253	FreshCore (unreviewed)
frankenredis	5	Cluster lands (a scope-gap closure) or the TLS scope exclusion is reversed (a decision reversal — bead `xzdbc`) — two distinct events: cluster closing a genuine roadmap gap (multi-node sharding is explicitly out of scope today) vs TLS landing only if the maintainer reverses the 2026-05-25 WONTFIX. Either changes the deployment envelope	human		packets/frankenredis-assessment.md#L254	FreshCore (unreviewed)
frankenredis	6	Independent benchmark or review published — any third party reproducing or contesting the numbers. Flips "zero independent coverage."	human		packets/frankenredis-assessment.md#L255	FreshCore (unreviewed)
frankenredis	7	RaptorQ sidecars on by default with recovery demonstrated in CI — the durability experiment graduates from optional to load-bearing	human		packets/frankenredis-assessment.md#L256	FreshCore (unreviewed)
frankenredis	8	A Valkey/Redis/Dragonfly/Garnet release ships a hardened-mode equivalent (threat ledger, parser limits, FEC) — the kill-test: if incumbents absorb the hardening story, FrankenRedis's differentiation collapses to "Rust, but slower to adopt" [Inference, Medium]	human		packets/frankenredis-assessment.md#L257	FreshCore (unreviewed)
frankenredis	9	(v3 addition) Abandonment tripwire — no commits for 60 days or the CI workflows disabled/archived: re-ring to Monitor and treat the tree as a retired artifact. This is the decay sensor the steelman's end state needs	human		packets/frankenredis-assessment.md#L258	FreshCore (unreviewed)
frankenscipy	1	the behavioral-parity assertion census published	human		packets/frankenscipy-assessment.md#L190	FreshCore (unreviewed)
frankenscipy	2	any independent benchmark, code review, or production deployment	human		packets/frankenscipy-assessment.md#L190	FreshCore (unreviewed)
frankenscipy	3	a second human maintainer with merge rights	contributors.second_human		packets/frankenscipy-assessment.md#L190	FreshCore (unreviewed)
frankenscipy	4	any change to the license rider	license.text		packets/frankenscipy-assessment.md#L190	FreshCore (unreviewed)
frankenscipy	5	V1.0 tagged	human		packets/frankenscipy-assessment.md#L190	FreshCore (unreviewed)
frankenscipy	6	`frankenscipy-icmu7` (artifact-topology convergence — 12 legacy `P2C-*` + 18 `FSCI-P2C-*` artifact dirs coexist at the pin [Verified, High]) closed	human		packets/frankenscipy-assessment.md#L190	FreshCore (unreviewed)
frankensearch	1	`main` compiles in an independent environment — `cargo check --workspace` (or the `dsr quality` gate) green at a new pin, observed by a party other than the maintainer. Flips the §4.13 hole	human		packets/frankensearch-assessment.md#L252	FreshCore (unreviewed)
frankensearch	2	A labeled-corpus quality receipt is committed — nDCG/recall of Quill vs the Tantivy oracle and two-tier vs lexical-only, meeting the SEARCH_QUALITY_FINDINGS evidence standard (labeled, held-out queries, matched candidate coverage, per-corpus paired comparisons). Flips the relevance gap — the single most load-bearing missing evidence in the packet	human		packets/frankensearch-assessment.md#L253	FreshCore (unreviewed)
frankensearch	3	Rider narrowed or removed — LICENSE diff dropping the named-party restriction. Flips usability for restricted parties and contributor-pool risk. Advancement blocker for the Explore ceiling	human		packets/frankensearch-assessment.md#L254	FreshCore (unreviewed)
frankensearch	4	Second human committer with merge rights — bus factor > 1 observable on the contributor graph. Flips succession risk	contributors.second_human		packets/frankensearch-assessment.md#L255	FreshCore (unreviewed)
frankensearch	5	Watcher-lock limit fixed — bd-z2nfa closed with concurrent search-during-watch demonstrated. Flips the core-CLI-loop gap	human		packets/frankensearch-assessment.md#L256	FreshCore (unreviewed)
frankensearch	6	Independent benchmark or review published — any third party reproducing the receipts or contesting the quality. Flips "zero independent coverage."	human		packets/frankensearch-assessment.md#L257	FreshCore (unreviewed)
frankensearch	7	A newer fsfs binary release — GitHub Release > 1.10.0 landing the September CLI work (complete-generation integration, Unix-socket serving). Flips the "unreleased work" judgment	human		packets/frankensearch-assessment.md#L258	FreshCore (unreviewed)
frankensearch	8	An incumbent ships progressive delivery (Meilisearch/Typesense/Qdrant: answer-now-refine-later as a first-class API) — the kill-test: if incumbents absorb the progressive story, frankensearch's differentiation collapses to "Rust, but unproven" [Inference, Medium]	human		packets/frankensearch-assessment.md#L259	FreshCore (unreviewed)
frankensearch	9	Abandonment tripwire — no commits for 60 days or the repo archived: re-ring to Monitor and treat the tree as a retired artifact. The decay sensor the steelman's end state needs	human		packets/frankensearch-assessment.md#L260	FreshCore (unreviewed)
frankensim	1	First L4 registration (experimentally validated capability) in `capability-maturity.json`	human		packets/frankensim-assessment.md#L204	FreshCore (unreviewed)
frankensim	2	A crates.io release or tagged version of any `fs-*` crate	human		packets/frankensim-assessment.md#L205	FreshCore (unreviewed)
frankensim	3	Contribution policy change (external PRs accepted/merged)	human		packets/frankensim-assessment.md#L206	FreshCore (unreviewed)
frankensim	4	An independent third-party reproduction (Level-B deck re-run, evidence-package verification, or published review/benchmark)	human		packets/frankensim-assessment.md#L207	FreshCore (unreviewed)
frankensim	5	Suite-greenness evidence: a retained, clean-tree, green suite receipt at a recent pin	human		packets/frankensim-assessment.md#L208	FreshCore (unreviewed)
frankensim	6	Rider modification or carve-out (especially any agent/benchmark allowance)	human		packets/frankensim-assessment.md#L209	FreshCore (unreviewed)
frankensim	7	Maintainer silence > 60 days (abandonment tripwire — bus factor 1)	human		packets/frankensim-assessment.md#L210	FreshCore (unreviewed)
frankensim_website	1	a LICENSE file appears at HEAD (closes the sharpest finding)	license.text		packets/frankensim_website-assessment.md#L190	FreshCore (unreviewed)
frankensim_website	2	`fs_wasm_bg.wasm` is rebuilt/replaced (re-verify the export census + hash)	human		packets/frankensim_website-assessment.md#L190	FreshCore (unreviewed)
frankensim_website	3	any commit after 2026-08-21 (breaks the silence narrative — check what moved)	human		packets/frankensim_website-assessment.md#L190	FreshCore (unreviewed)
frankensim_website	4	the GitHub description changes from "20 kernels"	human		packets/frankensim_website-assessment.md#L190	FreshCore (unreviewed)
frankensim_website	5	a `.github/workflows/` directory appears (the anti-drift machinery becomes real)	ci.class	to=C1|C2|C3	packets/frankensim_website-assessment.md#L190	FreshCore (unreviewed)
frankensim_website	6	the parent repo tags a release the site references	human		packets/frankensim_website-assessment.md#L190	FreshCore (unreviewed)
frankensqlite	1	first independent benchmark, review, or production deployment	human		packets/frankensqlite-assessment.md#L202	FreshCore (unreviewed)
frankensqlite	2	completion of the 100%-declared-surface parity certification	human		packets/frankensqlite-assessment.md#L202	FreshCore (unreviewed)
frankensqlite	3	publication of the citation-grade performance matrix	human		packets/frankensqlite-assessment.md#L202	FreshCore (unreviewed)
frankensqlite	4	the merge ladder wired into the live commit path	human		packets/frankensqlite-assessment.md#L202	FreshCore (unreviewed)
frankensqlite	5	a second human maintainer (requires a policy change)	contributors.second_human		packets/frankensqlite-assessment.md#L202	FreshCore (unreviewed)
frankensqlite	6	any change to the license rider	license.text		packets/frankensqlite-assessment.md#L202	FreshCore (unreviewed)
frankensqlite	7	re-enablement and greening of the public verification-gates workflow	ci.class	to=C1	packets/frankensqlite-assessment.md#L202	FreshCore (unreviewed)
frankensqlite_website	1	a LICENSE file appears (ring unchanged, but §4.8 rewritten)	license.text		packets/frankensqlite_website-assessment.md#L205	FreshCore (unreviewed)
frankensqlite_website	2	the crate count on the site moves 26 → 28 (drift repair in progress)	human		packets/frankensqlite_website-assessment.md#L205	FreshCore (unreviewed)
frankensqlite_website	3	any `.github/workflows/` file appears (CI exists)	ci.class	to=C1|C2|C3	packets/frankensqlite_website-assessment.md#L205	FreshCore (unreviewed)
frankensqlite_website	4	the engine ships a release where page encryption or RaptorQ healing becomes reachable from the public API (the site's two flagship claims become true)	human		packets/frankensqlite_website-assessment.md#L205	FreshCore (unreviewed)
frankensqlite_website	5	a second human committer appears	contributors.second_human		packets/frankensqlite_website-assessment.md#L205	FreshCore (unreviewed)
frankensqlite_website	6	the spec viewer renders a second repo's spec (genesis → custom-built)	human		packets/frankensqlite_website-assessment.md#L205	FreshCore (unreviewed)
frankensympy	1	first green CI Gate Topology run after the 786-run red streak	ci.class	to=C1	packets/frankensympy-assessment.md#L202	FreshCore (unreviewed)
frankensympy	2	any claim moving to `validated` in `claims.toml`	human		packets/frankensympy-assessment.md#L202	FreshCore (unreviewed)
frankensympy	3	a committed F1 regression test	human		packets/frankensympy-assessment.md#L202	FreshCore (unreviewed)
frankensympy	4	a second human committer	contributors.second_human		packets/frankensympy-assessment.md#L202	FreshCore (unreviewed)
frankensympy	5	first tagged release	release.first		packets/frankensympy-assessment.md#L202	FreshCore (unreviewed)
frankensympy	6	an independent benchmark or deployment (any party, any scale)	human		packets/frankensympy-assessment.md#L202	FreshCore (unreviewed)
frankenterm	1	target-class 200-pane gate signing a non-skipped artifact	human		packets/frankenterm-assessment.md#L198	FreshCore (unreviewed)
frankenterm	2	a second human maintainer or a contributions-policy reversal	human		packets/frankenterm-assessment.md#L198	FreshCore (unreviewed)
frankenterm	3	any change to the license rider	license.text		packets/frankenterm-assessment.md#L198	FreshCore (unreviewed)
frankenterm	4	any independent benchmark, code review, or production deployment	human		packets/frankenterm-assessment.md#L198	FreshCore (unreviewed)
frankenterm	5	native GUI qualification completing	human		packets/frankenterm-assessment.md#L198	FreshCore (unreviewed)
frankenterm	6	upstream WezTerm backports lapsing (a negative trigger)	human		packets/frankenterm-assessment.md#L198	FreshCore (unreviewed)
frankentorch	1	A tagged release or GitHub Release appears — `git for-each-ref refs/tags` / `gh release list` non-empty. Flips the "no artifact to evaluate" judgment	human		packets/frankentorch-assessment.md#L253	FreshCore (unreviewed)
frankentorch	2	phase2c-reliability-gates goes green at a pin — per-job conclusion success via the Actions API. Flips the CI-red finding	human		packets/frankentorch-assessment.md#L254	FreshCore (unreviewed)
frankentorch	3	Rider narrowed or removed — LICENSE diff dropping the named-party restriction. Flips usability for restricted parties and contributor-pool risk. The advancement blocker for the Explore ceiling	human		packets/frankentorch-assessment.md#L255	FreshCore (unreviewed)
frankentorch	4	Second human committer with merge rights — bus factor > 1 observable on the contributor graph. Flips succession risk	contributors.second_human		packets/frankentorch-assessment.md#L256	FreshCore (unreviewed)
frankentorch	5	A second quotable-lane cohort — the ledger's "one of fourteen" sentence amended with newly certified lanes. Flips the perf-pillar judgment	human		packets/frankentorch-assessment.md#L257	FreshCore (unreviewed)
frankentorch	6	Independent benchmark or review published — any third party reproducing or contesting the numbers. Flips "zero independent coverage."	human		packets/frankentorch-assessment.md#L258	FreshCore (unreviewed)
frankentorch	7	Caching allocator on by default with the gap closed in CI — the allocator finding graduates from diagnosis to product	human		packets/frankentorch-assessment.md#L259	FreshCore (unreviewed)
frankentorch	8	PyTorch ships a first-class determinism-and-provenance story (replayable gradient graphs with evidence) — the kill-test: if the incumbent absorbs the DAC story, FrankenTorch's differentiation collapses to "Rust, but without CUDA" [Inference, Medium]	human		packets/frankentorch-assessment.md#L260	FreshCore (unreviewed)
frankentorch	9	Abandonment tripwire — no commits for 60 days or the CI workflows disabled/archived: re-ring to Monitor and treat the tree as a retired artifact	human		packets/frankentorch-assessment.md#L261	FreshCore (unreviewed)
frankentui	1	an agent-CLI builder publicly *evaluating* (not even adopting) frankentui for inline mode	human		packets/frankentui-assessment.md#L222	FreshCore (unreviewed)
frankentui	2	a v0.9.0 (or later) release with matching git tag + GitHub Release + crates.io package	human		packets/frankentui-assessment.md#L222	FreshCore (unreviewed)
frankentui	3	any independent benchmark, code review, or production deployment	human		packets/frankentui-assessment.md#L222	FreshCore (unreviewed)
frankentui	4	a second human maintainer with merge rights	contributors.second_human		packets/frankentui-assessment.md#L222	FreshCore (unreviewed)
frankentui	5	adoption of the claims-ledger/gates machinery by a second project	human		packets/frankentui-assessment.md#L222	FreshCore (unreviewed)
frankentui	6	any change to the license rider	license.text		packets/frankentui-assessment.md#L222	FreshCore (unreviewed)
frankentui	7	published WASM/native parity numbers	human		packets/frankentui-assessment.md#L222	FreshCore (unreviewed)
frankentui_website	1	Hero stats re-derived from sources of truth — `lib/content.ts` stats generated by script from kernel `Cargo.toml` + crates.io API. Flips the drift inventory	human		packets/frankentui_website-assessment.md#L221	FreshCore (unreviewed)
frankentui_website	2	CI appears — a `.github/workflows` directory gating Playwright on push. Flips the "demo can break silently" judgment	ci.class	to=C1|C2|C3	packets/frankentui_website-assessment.md#L222	FreshCore (unreviewed)
frankentui_website	3	Datasets re-synced with "as of" labels — `export_meta.generated_at` newer than 2026-02-04 rendered on the page. Flips the fossil finding	human		packets/frankentui_website-assessment.md#L223	FreshCore (unreviewed)
frankentui_website	4	The 60 fps claim measured or reworded — a committed perf procedure or the stat demoted to target. Flips the aspirational flagship	human		packets/frankentui_website-assessment.md#L224	FreshCore (unreviewed)
frankentui_website	5	Second maintainer or contributions accepted — bus factor > 1. Flips succession risk (unlikely given the stated policy)	human		packets/frankentui_website-assessment.md#L225	FreshCore (unreviewed)
frankentui_website	6	frankentui.com stops resolving or the demo 404s — re-ring to retired artifact; the site becomes a monument	human		packets/frankentui_website-assessment.md#L226	FreshCore (unreviewed)
frankentui_website	7	Kernel archived or deleted — the site's reason to exist evaporates; re-assess as pure historical artifact	human		packets/frankentui_website-assessment.md#L227	FreshCore (unreviewed)
